"id","name","description","audio","pdf","youtube","album","metadata","created_at","updated_at","tags","categories"
4,"Dua e Kamil","Dua e Kamil","https://mybohra-media.s3.ap-south-1.amazonaws.com/dua-e-kaamil.mp3","https://mybohra-media.s3.ap-south-1.amazonaws.com/dua-e-kamil.pdf",NULL,"DUA","{}","2024-08-27 22:31:48.079119","2025-09-16 18:18:50.339658","{}","{daily-dua}"
5,"Dua Ul Kumayl","Dua","https://d39et5l23mq79j.cloudfront.net/dua-ul-kumayl.mp3","https://d39et5l23mq79j.cloudfront.net/dua-ul-kumayl.pdf",NULL,"DUA","{""pdfSize"": 9147, ""audioSize"": 6852, ""thumbnail"": ""https://s3.ap-south-1.amazonaws.com/mumino-files/dua-ul-kumayl.png"", ""audioLength"": 1751256, ""pdfPageCount"": 0}","2024-08-28 03:02:17.528052","2024-08-29 14:41:45.546145","{}","{}"
6,"Nasrul Mahaba","Dua","https://d39et5l23mq79j.cloudfront.net/nasrul-mahaba.mp3","https://d39et5l23mq79j.cloudfront.net/nasrul-mahaba.pdf",NULL,"DUA","{""pdfSize"": 16474, ""audioSize"": 5752, ""audioLength"": 1959732, ""pdfPageCount"": 0}","2024-08-28 03:02:17.528052","2024-09-04 19:23:21.964051","{}","{}"
8,"Moti Us Sawalat","Dua","https://d39et5l23mq79j.cloudfront.net/moti-us-sawalat.mp3","https://d39et5l23mq79j.cloudfront.net/moti-us-sawalat.pdf",NULL,"DUA","{""pdfSize"": 146, ""audioSize"": 2297, ""audioLength"": 98011, ""pdfPageCount"": 0}","2024-08-28 03:02:17.528052","2024-08-29 19:51:37.742257","{}","{}"
9,"Dua Us Saify","Dua","https://d39et5l23mq79j.cloudfront.net/dua-us-saify.mp3","https://mybohra-media.s3.ap-south-1.amazonaws.com/pdf/Dua%20Saify.pdf",NULL,"DUA","{}","2024-08-28 03:02:17.528052","2025-09-16 21:20:19.734912","{}","{}"
10,"Ramzan Dua","Dua","https://d39et5l23mq79j.cloudfront.net/ramzan-dua.mp3","",NULL,"DUA","{""audioSize"": 6179, ""audioLength"": 393587, ""pdfPageCount"": 0}","2024-08-28 03:02:17.528052","2024-08-29 21:54:38.906422","{}","{}"
11,"Khatmul Quran ni Dua","Dua","https://d39et5l23mq79j.cloudfront.net/khatmul-quran-ni-dua.mp3","https://mybohra-media.s3.ap-south-1.amazonaws.com/pdf/khatmul%20Quran.pdf",NULL,"DUA","{}","2024-08-28 03:02:17.528052","2025-09-16 18:36:26.832811","{}","{}"
12,"Nahjus Sanaa","Dua","https://d39et5l23mq79j.cloudfront.net/sanaa.mp3","https://d39et5l23mq79j.cloudfront.net/sanaa.pdf",NULL,"DUA","{""pdfSize"": 7356, ""audioSize"": 21902, ""audioLength"": 1403794, ""pdfPageCount"": 0}","2024-08-28 03:02:17.528052","2024-08-28 21:10:34.00181","{}","{}"
13,"Allahuma Hazaa Shahro Ramazaan","Dua","https://d39et5l23mq79j.cloudfront.net/allahuma-hazaa-shahro-ramazaan.mp3","https://d39et5l23mq79j.cloudfront.net/allahuma-hazaa-shahro-ramazaan.pdf",NULL,"DUA","{""pdfSize"": 866, ""audioSize"": 134, ""thumbnail"": ""https://s3.ap-south-1.amazonaws.com/mumino-files/allahuma-hazaa-shahro-ramazaan.png"", ""audioLength"": 58096, ""pdfPageCount"": 0}","2024-08-28 03:02:17.528052","2024-08-29 14:41:45.45697","{}","{}"
14,"Maulaya Maulaya Antal Maula","Dua","https://d39et5l23mq79j.cloudfront.net/maulaya-maulaya-antal-maula.mp3",NULL,NULL,"DUA","{""audioSize"": 258, ""audioLength"": 62380, ""pdfPageCount"": 0}","2024-08-28 03:02:17.528052","2024-08-28 03:02:17.528052","{}","{}"
15,"Yaseen","Dua","https://d39et5l23mq79j.cloudfront.net/yaseen.mp3","https://d39et5l23mq79j.cloudfront.net/yaseen.pdf",NULL,"DUA","{""pdfSize"": 2568, ""audioSize"": 2148, ""audioLength"": 734537, ""pdfPageCount"": 0}","2024-08-28 03:02:17.528052","2024-08-30 14:19:13.735921","{}","{}"
16,"Arafa","Dua",NULL,"https://d39et5l23mq79j.cloudfront.net/arafa.pdf",NULL,"DUA","{""pdfSize"": 2988, ""thumbnail"": ""https://mumino-files.s3.ap-south-1.amazonaws.com/arafa.png"", ""pdfPageCount"": 0}","2024-08-28 03:02:17.528052","2024-08-29 14:41:45.473591","{}","{}"
17,"Ayatul Kursi","Dua","https://d39et5l23mq79j.cloudfront.net/ayatul-kursi.mp3","https://d39et5l23mq79j.cloudfront.net/ayatul-kursu.pdf",NULL,"DUA","{""pdfSize"": 73, ""audioSize"": 934, ""audioLength"": 119484, ""pdfPageCount"": 0}","2024-08-28 03:02:17.528052","2024-08-30 14:20:18.705461","{}","{}"
18,"Behori 2","Dua",NULL,"https://d39et5l23mq79j.cloudfront.net/behori-2.pdf",NULL,"DUA","{""pdfSize"": 21448, ""thumbnail"": ""https://s3.ap-south-1.amazonaws.com/mumino-files/behori-2.png"", ""pdfPageCount"": 0}","2024-08-28 03:02:17.528052","2024-08-29 14:41:45.488553","{}","{}"
19,"Behori 1","Dua","https://d39et5l23mq79j.cloudfront.net/behori.mp3","https://d39et5l23mq79j.cloudfront.net/behori.pdf",NULL,"DUA","{""pdfSize"": 12664, ""audioSize"": 52032, ""thumbnail"": ""https://s3.ap-south-1.amazonaws.com/mumino-files/behori.png"", ""audioLength"": 3330011, ""pdfPageCount"": 0}","2024-08-28 03:02:17.528052","2024-08-29 14:41:45.50127","{}","{}"
20,"Bija Daska Ni Dua","Dua","","https://mybohra-media.s3.ap-south-1.amazonaws.com/pdf/bijaDaskaDua.pdf",NULL,"DUA","{}","2024-08-28 03:02:17.528052","2025-09-15 12:44:29.810094","{}","{}"
21,"Daily Dua Hafti","Dua",NULL,"https://d39et5l23mq79j.cloudfront.net/daily-dua-hafti.pdf",NULL,"DUA","{""pdfSize"": 8144, ""thumbnail"": ""https://s3.ap-south-1.amazonaws.com/mumino-files/daily-dua-hafti.png"", ""pdfPageCount"": 0}","2024-08-28 03:02:17.528052","2024-08-29 14:41:45.516561","{}","{}"
22,"Dua E Faazil","Dua",NULL,"https://d39et5l23mq79j.cloudfront.net/dua-e-faazil.pdf",NULL,"DUA","{""pdfSize"": 5061, ""pdfPageCount"": 0}","2024-08-28 03:02:17.528052","2024-08-28 03:02:17.528052","{}","{}"
23,"Dua E Sabah","Dua",NULL,"https://d39et5l23mq79j.cloudfront.net/dua-e-sabah.pdf",NULL,"DUA","{""pdfSize"": 6918, ""thumbnail"": ""https://s3.ap-south-1.amazonaws.com/mumino-files/dua-e-sabah.png"", ""pdfPageCount"": 0}","2024-08-28 03:02:17.528052","2024-08-29 14:41:45.51627","{}","{}"
24,"Dua Taqeeb And Qunoot","Dua",NULL,"https://d39et5l23mq79j.cloudfront.net/dua-taqeeb-and-qunoot.pdf",NULL,"DUA","{""pdfSize"": 1218, ""thumbnail"": ""https://s3.ap-south-1.amazonaws.com/mumino-files/dua-taqeeb-and-qunoot.png"", ""pdfPageCount"": 0}","2024-08-28 03:02:17.528052","2024-08-29 14:41:45.564873","{}","{}"
26,"Eid Ni Raat","Dua","","https://d39et5l23mq79j.cloudfront.net/eid-ni-raat.pdf",NULL,"DUA","{""pdfSize"": 269, ""pdfPageCount"": 0}","2024-08-28 03:02:17.528052","2025-08-22 22:16:10.331375","{}","{}"
27,"Eid No Din","Dua","","https://d39et5l23mq79j.cloudfront.net/eid-no-din.pdf",NULL,"DUA","{}","2024-08-28 03:02:17.528052","2025-09-15 09:52:29.787613","{}","{}"
28,"Fajr Hafti","Dua","","https://mumino-library.s3.ap-south-1.amazonaws.com/pdf/c2724894-c687-465a-a6cd-2f8ccfd19abb",NULL,"DUA","{""pdfSize"": ""2048.05"", ""pdfPageCount"": 44}","2024-08-28 03:02:17.528052","2024-08-30 01:51:53.283666","{}","{}"
29,"Imam Zainul Aabedin Dua","Dua","https://d39et5l23mq79j.cloudfront.net/imam-zainul-aabedin-dua.mp3","https://d39et5l23mq79j.cloudfront.net/imam-zainul-aabedin-dua.pdf",NULL,"DUA","{""pdfSize"": 585, ""audioSize"": 770, ""thumbnail"": ""https://s3.ap-south-1.amazonaws.com/mumino-files/imam-zainul-aabedin-dua.png"", ""audioLength"": 393768, ""pdfPageCount"": 0}","2024-08-28 03:02:17.528052","2024-08-29 14:41:45.623837","{}","{}"
30,"Innafatahna","Dua",NULL,"https://d39et5l23mq79j.cloudfront.net/innafatahna.pdf",NULL,"DUA","{""pdfSize"": 2397, ""thumbnail"": ""https://s3.ap-south-1.amazonaws.com/mumino-files/innafatahna.png"", ""pdfPageCount"": 0}","2024-08-28 03:02:17.528052","2024-08-29 14:41:45.630297","{}","{}"
31,"Istam Sakto","Dua","https://d39et5l23mq79j.cloudfront.net/istamsakto.mp3","https://d39et5l23mq79j.cloudfront.net/istam-sakto.pdf",NULL,"DUA","{""pdfSize"": 155, ""audioSize"": 2577, ""thumbnail"": ""https://s3.ap-south-1.amazonaws.com/mumino-files/istam-sakto.png"", ""audioLength"": 163527, ""pdfPageCount"": 0}","2024-08-28 03:02:17.528052","2024-08-29 14:41:45.631119","{}","{}"
32,"Lai-latul-Qadr","Dua","","https://d39et5l23mq79j.cloudfront.net/lai-latul-qadr.pdf",NULL,"DUA","{""pdfSize"": 470, ""pdfPageCount"": 0}","2024-08-28 03:02:17.528052","2024-09-04 19:08:32.659866","{}","{}"
33,"Lailat-ass-Alaseen","Dua",NULL,"https://d39et5l23mq79j.cloudfront.net/lailat-ass-alaseen.pdf",NULL,"DUA","{""pdfSize"": 597, ""thumbnail"": ""https://s3.ap-south-1.amazonaws.com/mumino-files/lailat-ass-alaseen.png"", ""pdfPageCount"": 0}","2024-08-28 03:02:17.528052","2024-08-29 14:41:45.650384","{}","{}"
34,"Layale-Fazela","Dua",NULL,"https://d39et5l23mq79j.cloudfront.net/layale-fazela.pdf",NULL,"DUA","{""pdfSize"": 146, ""thumbnail"": ""https://s3.ap-south-1.amazonaws.com/mumino-files/layale-fazela.png"", ""pdfPageCount"": 0}","2024-08-28 03:02:17.528052","2024-08-29 14:41:45.659254","{}","{}"
35,"Maghanim Al-baraka","Dua",NULL,"https://d39et5l23mq79j.cloudfront.net/maghanim-al-baraka.pdf",NULL,"DUA","{""pdfSize"": 19818, ""thumbnail"": ""https://s3.ap-south-1.amazonaws.com/mumino-files/maghanim-al-baraka.png"", ""pdfPageCount"": 0}","2024-08-28 03:02:17.528052","2024-08-29 14:41:45.660729","{}","{}"
36,"Munajaat 1438","Dua",NULL,"https://d39et5l23mq79j.cloudfront.net/munajaat-1438.pdf",NULL,"DUA","{""pdfSize"": 938, ""thumbnail"": ""https://s3.ap-south-1.amazonaws.com/mumino-files/munajaat-1438.png"", ""pdfPageCount"": 0}","2024-08-28 03:02:17.528052","2024-08-29 14:41:45.661466","{}","{}"
37,"Munajaat STSSMB1438","Dua",NULL,"https://d39et5l23mq79j.cloudfront.net/munajaat-stssmb1438.pdf",NULL,"DUA","{""pdfSize"": 4752, ""thumbnail"": ""https://s3.ap-south-1.amazonaws.com/mumino-files/munajaat-stssmb1438.png"", ""pdfPageCount"": 0}","2024-08-28 03:02:17.528052","2024-08-29 14:41:45.662544","{}","{}"
38,"Qasida 1438","Dua",NULL,"https://d39et5l23mq79j.cloudfront.net/qasida-1438.pdf",NULL,"DUA","{""pdfSize"": 880, ""thumbnail"": ""https://s3.ap-south-1.amazonaws.com/mumino-files/qasida-1438.png"", ""pdfPageCount"": 0}","2024-08-28 03:02:17.528052","2024-08-29 14:41:45.664456","{}","{}"
39,"Roza Ni Niyyat","Dua",NULL,"https://d39et5l23mq79j.cloudfront.net/roza-ni-niyyat.pdf",NULL,"DUA","{""pdfSize"": 264, ""thumbnail"": ""https://s3.ap-south-1.amazonaws.com/mumino-files/roza-ni-niyyat.png"", ""pdfPageCount"": 0}","2024-08-28 03:02:17.528052","2024-08-29 14:41:45.666918","{}","{}"
40,"Surah-Fateh","Dua",NULL,"https://d39et5l23mq79j.cloudfront.net/surah-fateha.pdf",NULL,"DUA","{""pdfSize"": 1223, ""thumbnail"": ""https://s3.ap-south-1.amazonaws.com/mumino-files/surah-fateha.png"", ""pdfPageCount"": 0}","2024-08-28 03:02:17.528052","2024-08-29 14:41:45.670136","{}","{}"
41,"Tasbih Aazam","Dua",NULL,"https://d39et5l23mq79j.cloudfront.net/tasbih-aazam.pdf",NULL,"DUA","{""pdfSize"": 203, ""thumbnail"": ""https://s3.ap-south-1.amazonaws.com/mumino-files/tasbih-aazam.png"", ""pdfPageCount"": 0}","2024-08-28 03:02:17.528052","2024-08-29 14:41:45.671238","{}","{}"
42,"Pehla Daska Ni Dua","Dua","https://d39et5l23mq79j.cloudfront.net/pehlo-dasko.mp3","https://d39et5l23mq79j.cloudfront.net/pehlo-dasko.pdf",NULL,"DUA","{""pdfSize"": 597, ""audioSize"": 5400, ""thumbnail"": ""https://s3.ap-south-1.amazonaws.com/mumino-files/pehlo-dasko.png"", ""audioLength"": 345835, ""pdfPageCount"": 0}","2024-08-28 03:02:17.528052","2024-08-29 14:41:45.673158","{}","{}"
43,"Shehre Ramadan Al Moazzam","Dua",NULL,"https://d39et5l23mq79j.cloudfront.net/shehre-ramadan-al-moazzam.pdf",NULL,"DUA","{""pdfSize"": 16203, ""pdfPageCount"": 0}","2024-08-28 03:02:17.528052","2024-08-28 03:02:17.528052","{}","{}"
44,"Ya Sayyadas Sohaddai & Abkika Maulayal Hussain","Dua","","https://d39et5l23mq79j.cloudfront.net/ya-sayyadas-sohaddai-and-abkika-maulayal-hussain.pdf",NULL,"DUA","{}","2024-08-28 03:02:17.528052","2025-09-15 09:19:40.918085","{}","{}"
45,"Nabi na Naam","Dua","","https://d39et5l23mq79j.cloudfront.net/nabina-naam.pdf",NULL,"DUA","{""pdfSize"": 214, ""pdfPageCount"": 0}","2024-08-28 03:02:17.528052","2024-08-29 21:54:51.760637","{}","{}"
46,"Sajada Wajhi","Dua",NULL,"https://d39et5l23mq79j.cloudfront.net/sajada-wajhi.pdf",NULL,"DUA","{""pdfSize"": 84, ""thumbnail"": ""https://s3.ap-south-1.amazonaws.com/mumino-files/sajada-wajhi.png"", ""pdfPageCount"": 0}","2024-08-28 03:02:17.528052","2024-08-29 14:41:45.678558","{}","{}"
47,"Tija Daska Ni Dua","Dua","","https://d39et5l23mq79j.cloudfront.net/tijo-dasko.pdf",NULL,"DUA","{""pdfSize"": 5080, ""pdfPageCount"": 0}","2024-08-28 03:02:17.528052","2024-08-29 21:54:57.45174","{}","{}"
48,"Shafawataz Juloos","Dua",NULL,"https://d39et5l23mq79j.cloudfront.net/shafawataz-juloos.pdf",NULL,"DUA","{""pdfSize"": 891, ""thumbnail"": ""https://s3.ap-south-1.amazonaws.com/mumino-files/shafawataz-juloos.png"", ""pdfPageCount"": 0}","2024-08-28 03:02:17.528052","2024-08-29 14:41:45.706352","{}","{}"
49,"Wada Ni Dua","Dua",NULL,"https://d39et5l23mq79j.cloudfront.net/wada-ni-dua.pdf",NULL,"DUA","{""pdfSize"": 594, ""thumbnail"": ""https://s3.ap-south-1.amazonaws.com/mumino-files/wada-ni-dua.png"", ""pdfPageCount"": 0}","2024-08-28 03:02:17.528052","2024-08-29 14:41:45.719274","{}","{}"
50,"Ramadan Wada Dua","",NULL,"https://d39et5l23mq79j.cloudfront.net/ramadan-wada-dua.pdf",NULL,"DUA","{""pdfSize"": 3626, ""thumbnail"": ""https://s3.ap-south-1.amazonaws.com/mumino-files/ramadan-wada-dua.png"", ""pdfPageCount"": 0}","2024-08-28 03:02:17.528052","2024-08-29 14:41:45.72025","{}","{}"
51,"Namaz Ni Duas","","","https://mybohra-media.s3.ap-south-1.amazonaws.com/pdf/FullNamaz.pdf",NULL,"DUA","{}","2024-08-28 03:02:17.528052","2025-09-16 21:22:51.003597","{}","{daily-dua}"
52,"Allahumma Inna Nahmadoka","",NULL,"https://d39et5l23mq79j.cloudfront.net/allahumma-inna-nahmadoka.pdf",NULL,"DUA","{""pdfSize"": 38, ""thumbnail"": ""https://s3.ap-south-1.amazonaws.com/mumino-files/allahumma-inna-nahmadoka.png"", ""pdfPageCount"": 0}","2024-08-28 03:02:17.528052","2024-08-29 14:41:45.734573","{}","{}"
53,"Fajr Namaz Dua","",NULL,"https://d39et5l23mq79j.cloudfront.net/fajr-namaz-dua.pdf",NULL,"DUA","{""pdfSize"": 3748, ""thumbnail"": ""https://s3.ap-south-1.amazonaws.com/mumino-files/fajr-namaz-dua.png"", ""pdfPageCount"": 0}","2024-08-28 03:02:17.528052","2024-08-29 14:41:45.750411","{}","{}"
54,"Farizat Namaz Dua","",NULL,"https://d39et5l23mq79j.cloudfront.net/farizat-namaz-dua.pdf",NULL,"DUA","{""pdfSize"": 1735, ""thumbnail"": ""https://s3.ap-south-1.amazonaws.com/mumino-files/farizat-namaz-dua.png"", ""pdfPageCount"": 0}","2024-08-28 03:02:17.528052","2024-08-29 14:41:45.530789","{}","{}"
55,"Grahan Ni Namaz Ane Dua","",NULL,"https://d39et5l23mq79j.cloudfront.net/grahan-ni-namaz-ane-dua.pdf",NULL,"DUA","{""pdfSize"": 248, ""thumbnail"": ""https://s3.ap-south-1.amazonaws.com/mumino-files/grahan-ni-namaz-ane-dua.png"", ""pdfPageCount"": 0}","2024-08-28 03:02:17.528052","2024-08-29 14:41:45.750631","{}","{}"
56,"Hifz Ul Quran Ni Namaz Ane Dua","",NULL,"https://d39et5l23mq79j.cloudfront.net/hifz-ul-quran-ni-namaz-ane-dua.pdf",NULL,"DUA","{""pdfSize"": 55, ""thumbnail"": ""https://s3.ap-south-1.amazonaws.com/mumino-files/hifz-ul-quran-ni-namaz-ane-dua.png"", ""pdfPageCount"": 0}","2024-08-28 03:02:17.528052","2024-08-29 14:41:45.766342","{}","{}"
57,"Safar Ni Namaz Ane Dua","",NULL,"https://d39et5l23mq79j.cloudfront.net/safar-ni-namaz-ane-dua.pdf",NULL,"DUA","{""pdfSize"": 357, ""thumbnail"": ""https://s3.ap-south-1.amazonaws.com/mumino-files/safar-ni-namaz-ane-dua.png"", ""pdfPageCount"": 0}","2024-08-28 03:02:17.528052","2024-08-29 14:41:45.766548","{}","{}"
58,"Shukar Ni Namaz Ane Dua","",NULL,"https://d39et5l23mq79j.cloudfront.net/shukar-ni-namaz-ane-dua.pdf",NULL,"DUA","{""pdfSize"": 284, ""thumbnail"": ""https://s3.ap-south-1.amazonaws.com/mumino-files/shukar-ni-namaz-ane-dua.png"", ""pdfPageCount"": 0}","2024-08-28 03:02:17.528052","2024-08-29 14:41:45.782847","{}","{}"
59,"Ashura No Din","",NULL,"https://d39et5l23mq79j.cloudfront.net/ashura-no-din.pdf",NULL,"DUA","{""pdfSize"": 432, ""thumbnail"": ""https://s3.ap-south-1.amazonaws.com/mumino-files/ashura-no-din.png"", ""pdfPageCount"": 0}","2024-08-28 03:02:17.528052","2024-08-29 14:41:45.783061","{}","{}"
60,"Ashura Ni Raat","",NULL,"https://d39et5l23mq79j.cloudfront.net/ashura-ni-raat.pdf",NULL,"DUA","{""pdfSize"": 357, ""thumbnail"": ""https://s3.ap-south-1.amazonaws.com/mumino-files/ashura-ni-raat.png"", ""pdfPageCount"": 0}","2024-08-28 03:02:17.528052","2024-08-29 14:41:45.799804","{}","{}"
61,"Eid Ul Adha","",NULL,"https://d39et5l23mq79j.cloudfront.net/eid-ul-adha.pdf",NULL,"DUA","{""pdfSize"": 353, ""thumbnail"": ""https://s3.ap-south-1.amazonaws.com/mumino-files/eid-ul-adha.png"", ""pdfPageCount"": 0}","2024-08-28 03:02:17.528052","2024-08-29 14:41:45.800099","{}","{}"
62,"Sharafo Shehre Rajabil Asab","",NULL,"https://d39et5l23mq79j.cloudfront.net/sharafo-shehre-rajabil-asab.pdf",NULL,"DUA","{""pdfSize"": 77075, ""thumbnail"": ""https://s3.ap-south-1.amazonaws.com/mumino-files/sharafo-shehre-rajabil-asab.png"", ""pdfPageCount"": 0}","2024-08-28 03:02:17.528052","2024-08-29 14:41:45.451871","{}","{}"
63,"Arafa & Eid E Gadeer","",NULL,"https://d39et5l23mq79j.cloudfront.net/arafa-and-eid-e-gadeer.pdf",NULL,"DUA","{""pdfSize"": 1613, ""pdfPageCount"": 0}","2024-08-28 03:02:17.528052","2024-08-28 03:02:17.528052","{}","{}"
64,"Zilhaj Fajr Dua","",NULL,"https://d39et5l23mq79j.cloudfront.net/zilhaj-fajr-dua.pdf",NULL,"DUA","{""pdfSize"": 135, ""pdfPageCount"": 0}","2024-08-28 03:02:17.528052","2024-08-28 03:02:17.528052","{}","{}"
65,"Shehre Shaban Ul Karim 15mi Raat (Shab-e-Beraat)","",NULL,"https://d39et5l23mq79j.cloudfront.net/shehre-shaban-ul-karim-15mi-raat.pdf",NULL,"DUA","{""pdfSize"": 424, ""pdfPageCount"": 0}","2024-08-28 03:02:17.528052","2024-08-28 03:02:17.528052","{}","{}"
66,"Daris","",NULL,"https://d39et5l23mq79j.cloudfront.net/daris.pdf",NULL,"DUA","{""pdfSize"": 1714, ""pdfPageCount"": 0}","2024-08-28 03:02:17.528052","2024-08-28 03:02:17.528052","{}","{}"
67,"Jumua Ni Hafti","","","https://d39et5l23mq79j.cloudfront.net/jumua-ni-hafti.pdf",NULL,"DUA","{""pdfSize"": 1632, ""pdfPageCount"": 0}","2024-08-28 03:02:17.528052","2024-08-30 14:45:27.090651","{}","{}"
68,"Dua Noor","",NULL,"https://d39et5l23mq79j.cloudfront.net/dua-noor.pdf",NULL,"DUA","{""pdfSize"": 19, ""pdfPageCount"": 0}","2024-08-28 03:02:17.528052","2024-08-28 03:02:17.528052","{}","{}"
69,"Ayatul Noor","",NULL,"https://d39et5l23mq79j.cloudfront.net/ayatul-noor.pdf",NULL,"DUA","{""pdfSize"": 68, ""pdfPageCount"": 0}","2024-08-28 03:02:17.528052","2024-08-28 03:02:17.528052","{}","{}"
70,"Allahumma Anta Siqati Dua","",NULL,"https://d39et5l23mq79j.cloudfront.net/allahumma-anta-siqati-dua.pdf",NULL,"DUA","{""pdfSize"": 88, ""pdfPageCount"": 0}","2024-08-28 03:02:17.528052","2024-08-28 03:02:17.528052","{}","{}"
71,"Dua E Jawahir","",NULL,"https://d39et5l23mq79j.cloudfront.net/dua-e-jawahir.pdf",NULL,"DUA","{""pdfSize"": 990, ""pdfPageCount"": 0}","2024-08-28 03:02:17.528052","2024-08-28 03:02:17.528052","{}","{}"
72,"Dua E Yamani","",NULL,"https://d39et5l23mq79j.cloudfront.net/dua-e-yamani.pdf",NULL,"DUA","{""pdfSize"": 978, ""pdfPageCount"": 0}","2024-08-28 03:02:17.528052","2024-08-28 03:02:17.528052","{}","{}"
73,"Dua Mustajaab","",NULL,"https://d39et5l23mq79j.cloudfront.net/dua-mustajaab.pdf",NULL,"DUA","{""pdfSize"": 387, ""pdfPageCount"": 0}","2024-08-28 03:02:17.528052","2024-08-28 03:02:17.528052","{}","{}"
74,"Pehla Daska Ni 1st Dua","dua","https://d39et5l23mq79j.cloudfront.net/pehla-daska-ni-1st-dua.mp3","https://d39et5l23mq79j.cloudfront.net/pehla-daska-ni-1st-dua.pdf",NULL,"DUA","{""pdfSize"": 129, ""audioSize"": 3093, ""audioLength"": 197930, ""pdfPageCount"": 0}","2024-08-28 03:02:17.528052","2024-08-28 03:02:17.528052","{}","{}"
75,"Pehla Daska Ni 2nd Dua","dua","https://d39et5l23mq79j.cloudfront.net/pehla-daska-ni-2nd-dua.mp3","https://d39et5l23mq79j.cloudfront.net/pehla-daska-ni-2nd-dua.pdf",NULL,"DUA","{""pdfSize"": 129, ""audioSize"": 3072, ""audioLength"": 196571, ""pdfPageCount"": 0}","2024-08-28 03:02:17.528052","2024-08-28 03:02:17.528052","{}","{}"
76,"Bija Daska Ni 2nd Dua","","https://d39et5l23mq79j.cloudfront.net/bija-daska-ni-2nd-dua.mp3","https://d39et5l23mq79j.cloudfront.net/bija-daska-ni-2nd-dua.pdf",NULL,"DUA","{""pdfSize"": 1322, ""audioSize"": 8079, ""audioLength"": 344686, ""pdfPageCount"": 0}","2024-08-28 03:02:17.528052","2024-08-28 03:02:17.528052","{}","{}"
77,"Bija Daska Ni 1st Dua","dua","https://d39et5l23mq79j.cloudfront.net/bija-daska-ni-pehli-dua.mp3","https://d39et5l23mq79j.cloudfront.net/bija-daska-ni-pehli-dua.pdf.pdf",NULL,"DUA","{""pdfSize"": 528, ""audioSize"": 3124, ""audioLength"": 133277, ""pdfPageCount"": 0}","2024-08-28 03:02:17.528052","2024-08-28 03:02:17.528052","{}","{}"
78,"Tija Daska Ni 1st Dua","","https://d39et5l23mq79j.cloudfront.net/tija-daska-ni-1st-dua.mp3","https://d39et5l23mq79j.cloudfront.net/tija-daska-ni-1st-dua.pdf",NULL,"DUA","{""pdfSize"": 551, ""audioSize"": 2077, ""audioLength"": 177228, ""pdfPageCount"": 0}","2024-08-28 03:02:17.528052","2024-08-28 03:02:17.528052","{}","{}"
79,"Tija Daska Ni 2nd Dua","","https://d39et5l23mq79j.cloudfront.net/tija-daska-ni-2nd-dua.mp3","https://d39et5l23mq79j.cloudfront.net/tija-daska-ni-2nd-dua.pdf",NULL,"DUA","{""pdfSize"": 955, ""audioSize"": 3600, ""audioLength"": 379350, ""pdfPageCount"": 0}","2024-08-28 03:02:17.528052","2024-08-28 03:02:17.528052","{}","{}"
80,"Jism Ni Sehat Waste Imam Alizainul Abedin Ni Dua","","https://d39et5l23mq79j.cloudfront.net/jism-ni-sehat-waste-imam-alizainul-abedin-ni-dua.mp3","https://d39et5l23mq79j.cloudfront.net/jism-ni-sehat-waste-imam-alizainul-abedin-ni-dua.pdf",NULL,"DUA","{""pdfSize"": 527, ""audioSize"": 5650, ""audioLength"": 482064, ""pdfPageCount"": 0}","2024-08-28 03:02:17.528052","2024-08-28 03:02:17.528052","{}","{}"
81,"Lailatul Qadr Salaam 1441","",NULL,"https://d39et5l23mq79j.cloudfront.net/lailatul-qadr-salaam-1441.pdf",NULL,"DUA","{""pdfSize"": 1767, ""pdfPageCount"": 0}","2024-08-28 03:02:17.528052","2024-08-28 03:02:17.528052","{}","{}"
82,"Lailatul Qadr Munajaat Sms 1441","",NULL,"https://d39et5l23mq79j.cloudfront.net/lailatul-qadr-munajaat-sms-1441.pdf",NULL,"DUA","{""pdfSize"": 22157, ""pdfPageCount"": 0}","2024-08-28 03:02:17.528052","2024-08-28 03:02:17.528052","{}","{}"
83,"Ya Man Tohallo","",NULL,"https://d39et5l23mq79j.cloudfront.net/ya-man-tohallo.pdf",NULL,"DUA","{""pdfSize"": 506, ""pdfPageCount"": 0}","2024-08-28 03:02:17.528052","2024-08-28 03:02:17.528052","{}","{}"
84,"Dua Rajab Ul Asab","",NULL,"https://d39et5l23mq79j.cloudfront.net/dua-rajab-ul-asab.pdf",NULL,"DUA","{""pdfSize"": 6413, ""pdfPageCount"": 0}","2024-08-28 03:02:17.528052","2024-08-28 03:02:17.528052","{}","{}"
86,"Rajab Tasbeeh 30 Majlis","",NULL,"https://d39et5l23mq79j.cloudfront.net/rajab-tasbeeh-30-majlis.pdf",NULL,"DUA","{""pdfSize"": 51590, ""pdfPageCount"": 0}","2024-08-28 03:02:17.528052","2024-08-28 03:02:17.528052","{}","{}"
87,"Dua-e-Joshan (Wed)","","https://d39et5l23mq79j.cloudfront.net/dua-e-joshan-wednesday.mp3","https://mybohra-media.s3.ap-south-1.amazonaws.com/pdf/Dua_e_Joshan_04_Wednesday.pdf",NULL,"DUA","{}","2024-08-28 03:02:17.528052","2025-09-16 18:38:06.949649","{}","{wednesday,joshan}"
88,"Dua-e-Joshan (Thus)","","https://d39et5l23mq79j.cloudfront.net/dua-e-joshan-thursday.mp3","https://mybohra-media.s3.ap-south-1.amazonaws.com/pdf/Dua_e_Joshan_05_Thursday.pdf",NULL,"DUA","{}","2024-08-28 03:02:17.528052","2025-09-16 18:37:46.080641","{}","{thursday,joshan}"
89,"Dua-e-Joshan (Sun)","","https://d39et5l23mq79j.cloudfront.net/dua-e-joshan-sunday.mp3","https://d39et5l23mq79j.cloudfront.net/dua-e-joshan-sunday.pdf",NULL,"DUA","{}","2024-08-28 03:02:17.528052","2025-09-16 18:25:19.21766","{}","{sunday,joshan}"
90,"Dua-e-Joshan (Tue)","","https://d39et5l23mq79j.cloudfront.net/dua-e-joshan-tuesday.mp3","https://mybohra-media.s3.ap-south-1.amazonaws.com/pdf/Dua_e_Joshan_03_Tuesday.pdf",NULL,"DUA","{}","2024-08-28 03:02:17.528052","2025-09-16 18:37:53.073964","{}","{tuesday,joshan}"
91,"Dua-e-Joshan (Mon)","","https://d39et5l23mq79j.cloudfront.net/dua-e-joshan-monday.mp3","https://mybohra-media.s3.ap-south-1.amazonaws.com/pdf/Dua_e_Joshan_02_Monday.pdf",NULL,"DUA","{}","2024-08-28 03:02:17.528052","2025-09-16 18:37:59.953269","{}","{monday,joshan}"
92,"Dua-e-Joshan (Friday)","","https://d39et5l23mq79j.cloudfront.net/dua-e-joshan-friday.mp3","https://mybohra-media.s3.ap-south-1.amazonaws.com/pdf/Dua_e_Joshan_06_Friday.pdf",NULL,"DUA","{}","2024-08-28 03:02:17.528052","2025-09-16 18:37:26.477656","{}","{friday,joshan}"
93,"Dua-e-Joshan (Sat)","","https://d39et5l23mq79j.cloudfront.net/dua-e-joshan-saturday.mp3","https://mybohra-media.s3.ap-south-1.amazonaws.com/pdf/Dua_e_Joshan_07_Saturday.pdf",NULL,"DUA","{}","2024-08-28 03:02:17.528052","2025-09-16 18:37:38.707427","{}","{saturaday,joshan}"
94,"Laylatul Meraj","",NULL,"https://d39et5l23mq79j.cloudfront.net/laylatul-meraj.pdf",NULL,"DUA","{""pdfSize"": 668, ""pdfPageCount"": 0}","2024-08-28 03:02:17.528052","2024-08-28 03:02:17.528052","{}","{}"
95,"Dua Hayat E Qaaf","",NULL,"https://d39et5l23mq79j.cloudfront.net/dua-hayat-e-qaaf.pdf",NULL,"DUA","{""pdfSize"": 2357, ""pdfPageCount"": 0}","2024-08-28 03:02:17.528052","2024-08-28 03:02:17.528052","{}","{}"
96,"Laagan Iftaar Dua","",NULL,"https://d39et5l23mq79j.cloudfront.net/laagan-iftaar-dua.pdf",NULL,"DUA","{""pdfSize"": 484, ""pdfPageCount"": 0}","2024-08-28 03:02:17.528052","2024-08-28 03:02:17.528052","{}","{}"
97,"Quran Juz (Siparah) 1","","https://d39et5l23mq79j.cloudfront.net/siparah-01.mp3","https://d39et5l23mq79j.cloudfront.net/siparah-01.pdf",NULL,"QURAN","{""pdfSize"": 1519, ""audioSize"": 12041, ""audioLength"": 3081420, ""pdfPageCount"": 0}","2024-08-28 17:16:06.254875","2024-08-28 17:16:06.254875","{}","{}"
98,"Quran Juz (Siparah) 2","","https://d39et5l23mq79j.cloudfront.net/siparah-02.mp3","https://d39et5l23mq79j.cloudfront.net/siparah-02.pdf",NULL,"QURAN","{""pdfSize"": 1442, ""audioSize"": 12117, ""audioLength"": 3100680, ""pdfPageCount"": 0}","2024-08-28 17:16:06.254875","2024-08-28 17:16:06.254875","{}","{}"
99,"Quran Juz (Siparah) 3","","https://d39et5l23mq79j.cloudfront.net/siparah-03.mp3","https://d39et5l23mq79j.cloudfront.net/siparah-03.pdf",NULL,"QURAN","{""pdfSize"": 1424, ""audioSize"": 12819, ""audioLength"": 3280464, ""pdfPageCount"": 0}","2024-08-28 17:16:06.254875","2024-08-28 17:16:06.254875","{}","{}"
100,"Quran Juz (Siparah) 4","","https://d39et5l23mq79j.cloudfront.net/siparah-04.mp3","https://d39et5l23mq79j.cloudfront.net/siparah-04.pdf",NULL,"QURAN","{""pdfSize"": 1429, ""audioSize"": 12282, ""audioLength"": 3142980, ""pdfPageCount"": 0}","2024-08-28 17:16:06.254875","2024-08-28 17:16:06.254875","{}","{}"
101,"Quran Juz (Siparah) 5","","https://d39et5l23mq79j.cloudfront.net/siparah-05.mp3","https://d39et5l23mq79j.cloudfront.net/siparah-05.pdf",NULL,"QURAN","{""pdfSize"": 1374, ""audioSize"": 13099, ""audioLength"": 3352248, ""pdfPageCount"": 0}","2024-08-28 17:16:06.254875","2024-08-28 17:16:06.254875","{}","{}"
102,"Quran Juz (Siparah) 6","","https://d39et5l23mq79j.cloudfront.net/siparah-06.mp3","https://d39et5l23mq79j.cloudfront.net/siparah-06.pdf",NULL,"QURAN","{""pdfSize"": 1408, ""audioSize"": 11963, ""audioLength"": 3061296, ""pdfPageCount"": 0}","2024-08-28 17:16:06.254875","2024-08-28 17:16:06.254875","{}","{}"
103,"Quran Juz (Siparah) 7","","https://d39et5l23mq79j.cloudfront.net/siparah-07.mp3","https://d39et5l23mq79j.cloudfront.net/siparah-07.pdf",NULL,"QURAN","{""pdfSize"": 1410, ""audioSize"": 13153, ""audioLength"": 3366036, ""pdfPageCount"": 0}","2024-08-28 17:16:06.254875","2024-08-28 17:16:06.254875","{}","{}"
104,"Quran Juz (Siparah) 8","","https://d39et5l23mq79j.cloudfront.net/siparah-08.mp3","https://d39et5l23mq79j.cloudfront.net/siparah-08.pdf",NULL,"QURAN","{""pdfSize"": 1404, ""audioSize"": 12621, ""audioLength"": 3229812, ""pdfPageCount"": 0}","2024-08-28 17:16:06.254875","2024-08-28 17:16:06.254875","{}","{}"
105,"Quran Juz (Siparah) 9","","https://d39et5l23mq79j.cloudfront.net/siparah-09.mp3","https://d39et5l23mq79j.cloudfront.net/siparah-09.pdf",NULL,"QURAN","{""pdfSize"": 1358, ""audioSize"": 12107, ""audioLength"": 3098232, ""pdfPageCount"": 0}","2024-08-28 17:16:06.254875","2024-08-28 17:16:06.254875","{}","{}"
106,"Quran Juz (Siparah) 10","","https://d39et5l23mq79j.cloudfront.net/siparah-10.mp3","https://d39et5l23mq79j.cloudfront.net/siparah-10.pdf",NULL,"QURAN","{""pdfSize"": 1344, ""audioSize"": 11310, ""audioLength"": 2894184, ""pdfPageCount"": 0}","2024-08-28 17:16:06.254875","2024-08-28 17:16:06.254875","{}","{}"
107,"Quran Juz (Siparah) 11","","https://d39et5l23mq79j.cloudfront.net/siparah-11.mp3","https://d39et5l23mq79j.cloudfront.net/siparah-11.pdf",NULL,"QURAN","{""pdfSize"": 1357, ""audioSize"": 11259, ""audioLength"": 2881044, ""pdfPageCount"": 0}","2024-08-28 17:16:06.254875","2024-08-28 17:16:06.254875","{}","{}"
108,"Quran Juz (Siparah) 12","","https://d39et5l23mq79j.cloudfront.net/siparah-12.mp3","https://d39et5l23mq79j.cloudfront.net/siparah-12.pdf",NULL,"QURAN","{""pdfSize"": 1379, ""audioSize"": 11342, ""audioLength"": 2902320, ""pdfPageCount"": 0}","2024-08-28 17:16:06.254875","2024-08-28 17:16:06.254875","{}","{}"
109,"Quran Juz (Siparah) 13","","https://d39et5l23mq79j.cloudfront.net/siparah-13.mp3","https://d39et5l23mq79j.cloudfront.net/siparah-13.pdf",NULL,"QURAN","{""pdfSize"": 1416, ""audioSize"": 10765, ""audioLength"": 2754648, ""pdfPageCount"": 0}","2024-08-28 17:16:06.254875","2024-08-28 17:16:06.254875","{}","{}"
110,"Quran Juz (Siparah) 14","","https://d39et5l23mq79j.cloudfront.net/siparah-14.mp3","https://d39et5l23mq79j.cloudfront.net/siparah-14.pdf",NULL,"QURAN","{""pdfSize"": 1386, ""audioSize"": 9790, ""audioLength"": 2504988, ""pdfPageCount"": 0}","2024-08-28 17:16:06.254875","2024-08-28 17:16:06.254875","{}","{}"
111,"Quran Juz (Siparah) 15","","https://d39et5l23mq79j.cloudfront.net/siparah-15.mp3","https://d39et5l23mq79j.cloudfront.net/siparah-15.pdf",NULL,"QURAN","{""pdfSize"": 1489, ""audioSize"": 10278, ""audioLength"": 2630016, ""pdfPageCount"": 0}","2024-08-28 17:16:06.254875","2024-08-28 17:16:06.254875","{}","{}"
112,"Quran Juz (Siparah) 16","","https://d39et5l23mq79j.cloudfront.net/siparah-16.mp3","https://d39et5l23mq79j.cloudfront.net/siparah-16.pdf",NULL,"QURAN","{""pdfSize"": 1404, ""audioSize"": 10729, ""audioLength"": 2745504, ""pdfPageCount"": 0}","2024-08-28 17:16:06.254875","2024-08-28 17:16:06.254875","{}","{}"
113,"Quran Juz (Siparah) 17","","https://d39et5l23mq79j.cloudfront.net/siparah-17.mp3","https://d39et5l23mq79j.cloudfront.net/siparah-17.pdf",NULL,"QURAN","{""pdfSize"": 1291, ""audioSize"": 10062, ""audioLength"": 2574720, ""pdfPageCount"": 0}","2024-08-28 17:16:06.254875","2024-08-28 17:16:06.254875","{}","{}"
114,"Quran Juz (Siparah) 18","","https://d39et5l23mq79j.cloudfront.net/siparah-18.mp3","https://d39et5l23mq79j.cloudfront.net/siparah-18.pdf",NULL,"QURAN","{""pdfSize"": 1364, ""audioSize"": 11297, ""audioLength"": 2890836, ""pdfPageCount"": 0}","2024-08-28 17:16:06.254875","2024-08-28 17:16:06.254875","{}","{}"
115,"Quran Juz (Siparah) 19","","https://d39et5l23mq79j.cloudfront.net/siparah-19.mp3","https://d39et5l23mq79j.cloudfront.net/siparah-19.pdf",NULL,"QURAN","{""pdfSize"": 1370, ""audioSize"": 11202, ""audioLength"": 2866500, ""pdfPageCount"": 0}","2024-08-28 17:16:06.254875","2024-08-28 17:16:06.254875","{}","{}"
116,"Quran Juz (Siparah) 20","","https://d39et5l23mq79j.cloudfront.net/siparah-20.mp3","https://d39et5l23mq79j.cloudfront.net/siparah-20.pdf",NULL,"QURAN","{""pdfSize"": 1329, ""audioSize"": 10653, ""audioLength"": 2725992, ""pdfPageCount"": 0}","2024-08-28 17:16:06.254875","2024-08-28 17:16:06.254875","{}","{}"
117,"Quran Juz (Siparah) 21","","https://d39et5l23mq79j.cloudfront.net/siparah-21.mp3","https://d39et5l23mq79j.cloudfront.net/siparah-21.pdf",NULL,"QURAN","{""pdfSize"": 1370, ""audioSize"": 10133, ""audioLength"": 2592828, ""pdfPageCount"": 0}","2024-08-28 17:16:06.254875","2024-08-28 17:16:06.254875","{}","{}"
118,"Quran Juz (Siparah) 22","","https://d39et5l23mq79j.cloudfront.net/siparah-22.mp3","https://d39et5l23mq79j.cloudfront.net/siparah-22.pdf",NULL,"QURAN","{""pdfSize"": 1280, ""audioSize"": 10166, ""audioLength"": 2601288, ""pdfPageCount"": 0}","2024-08-28 17:16:06.254875","2024-08-28 17:16:06.254875","{}","{}"
119,"Quran Juz (Siparah) 23","","https://d39et5l23mq79j.cloudfront.net/siparah-23.mp3","https://d39et5l23mq79j.cloudfront.net/siparah-23.pdf",NULL,"QURAN","{""pdfSize"": 1480, ""audioSize"": 10630, ""audioLength"": 2719980, ""pdfPageCount"": 0}","2024-08-28 17:16:06.254875","2024-08-28 17:16:06.254875","{}","{}"
120,"Quran Juz (Siparah) 24","","https://d39et5l23mq79j.cloudfront.net/siparah-24.mp3","https://d39et5l23mq79j.cloudfront.net/siparah-24.pdf",NULL,"QURAN","{""pdfSize"": 1253, ""audioSize"": 9680, ""audioLength"": 2476944, ""pdfPageCount"": 0}","2024-08-28 17:16:06.254875","2024-08-28 17:16:06.254875","{}","{}"
121,"Quran Juz (Siparah) 25","","https://d39et5l23mq79j.cloudfront.net/siparah-25.mp3","https://d39et5l23mq79j.cloudfront.net/siparah-25.pdf",NULL,"QURAN","{""pdfSize"": 1415, ""audioSize"": 10874, ""audioLength"": 2782476, ""pdfPageCount"": 0}","2024-08-28 17:16:06.254875","2024-08-28 17:16:06.254875","{}","{}"
122,"Quran Juz (Siparah) 26","","https://d39et5l23mq79j.cloudfront.net/siparah-26.mp3","https://d39et5l23mq79j.cloudfront.net/siparah-26.pdf",NULL,"QURAN","{""pdfSize"": 1443, ""audioSize"": 11568, ""audioLength"": 2960208, ""pdfPageCount"": 0}","2024-08-28 17:16:06.254875","2024-08-28 17:16:06.254875","{}","{}"
123,"Quran Juz (Siparah) 27","","https://d39et5l23mq79j.cloudfront.net/siparah-27.mp3","https://d39et5l23mq79j.cloudfront.net/siparah-27.pdf",NULL,"QURAN","{""pdfSize"": 1556, ""audioSize"": 11490, ""audioLength"": 2940372, ""pdfPageCount"": 0}","2024-08-28 17:16:06.254875","2024-08-28 17:16:06.254875","{}","{}"
124,"Quran Juz (Siparah) 28","","https://d39et5l23mq79j.cloudfront.net/siparah-28.mp3","https://d39et5l23mq79j.cloudfront.net/siparah-28.pdf",NULL,"QURAN","{""pdfSize"": 1605, ""audioSize"": 11926, ""audioLength"": 3051900, ""pdfPageCount"": 0}","2024-08-28 17:16:06.254875","2024-08-28 17:16:06.254875","{}","{}"
125,"Quran Juz (Siparah) 29","","https://d39et5l23mq79j.cloudfront.net/siparah-29.mp3","https://d39et5l23mq79j.cloudfront.net/siparah-29.pdf",NULL,"QURAN","{""pdfSize"": 1666, ""audioSize"": 13042, ""audioLength"": 3337560, ""pdfPageCount"": 0}","2024-08-28 17:16:06.254875","2024-08-28 17:16:06.254875","{}","{}"
126,"Quran Juz (Siparah) 30","","https://d39et5l23mq79j.cloudfront.net/siparah-30.mp3","https://d39et5l23mq79j.cloudfront.net/siparah-30.pdf",NULL,"QURAN","{""pdfSize"": 2452, ""audioSize"": 11969, ""audioLength"": 3062916, ""pdfPageCount"": 0}","2024-08-28 17:16:06.254875","2024-08-28 17:16:06.254875","{}","{}"
127,"Dua e Khadeer","Dua e Khadeer","","https://mybohra-media.s3.ap-south-1.amazonaws.com/pdf/Dua_e_Khadeer.pdf",NULL,"DUA","{}","2024-08-29 19:34:09.888713","2025-09-16 19:05:09.183486","{}","{daily-dua}"
128,"2. Al-Baqara","Quran-surat","https://d39et5l23mq79j.cloudfront.net/al-baqarah.mp3","http://d39et5l23mq79j.cloudfront.net/al-baqara.pdf",NULL,"QURAN","{""pdfSize"": 3787, ""audioSize"": 14264, ""audioLength"": 7302636, ""pdfPageCount"": 0}","2024-09-01 18:56:24.094473","2024-09-01 18:56:24.094473","{}","{}"
129,"3. Aale Imraan","Quran-surat","https://d39et5l23mq79j.cloudfront.net/al-imran.mp3","https://d39et5l23mq79j.cloudfront.net/aale-imraan.pdf",NULL,"QURAN","{""pdfSize"": 3407, ""audioSize"": 13011, ""audioLength"": 4439353, ""pdfPageCount"": 0}","2024-09-01 18:56:24.094473","2024-09-01 18:56:24.094473","{}","{}"
130,"4. An Nisaa","Quran-surat","https://d39et5l23mq79j.cloudfront.net/an-nisa.mp3","https://d39et5l23mq79j.cloudfront.net/an-nisaa.pdf",NULL,"QURAN","{""pdfSize"": 3687, ""audioSize"": 14043, ""audioLength"": 4791615, ""pdfPageCount"": 0}","2024-09-01 18:56:24.094473","2024-09-01 18:56:24.094473","{}","{}"
131,"5. Al Maaedah","Quran-surat","https://d39et5l23mq79j.cloudfront.net/al-maidah.mp3","https://d39et5l23mq79j.cloudfront.net/al-maaedah.pdf",NULL,"QURAN","{""pdfSize"": 2697, ""audioSize"": 9923, ""audioLength"": 3385496, ""pdfPageCount"": 0}","2024-09-01 18:56:24.094473","2024-09-01 18:56:24.094473","{}","{}"
132,"6. Al Anaam","Quran-surat","https://d39et5l23mq79j.cloudfront.net/al-anam.mp3","https://d39et5l23mq79j.cloudfront.net/al-anaam.pdf",NULL,"QURAN","{""pdfSize"": 2937, ""audioSize"": 11117, ""audioLength"": 3793110, ""pdfPageCount"": 0}","2024-09-01 18:56:24.094473","2024-09-01 18:56:24.094473","{}","{}"
133,"7. Al Aaraf","Quran-surat","https://d39et5l23mq79j.cloudfront.net/al-araf.mp3","https://d39et5l23mq79j.cloudfront.net/al-aaraf.pdf",NULL,"QURAN","{""pdfSize"": 3317, ""audioSize"": 12106, ""audioLength"": 4130534, ""pdfPageCount"": 0}","2024-09-01 18:56:24.094473","2024-09-01 18:56:24.094473","{}","{}"
134,"8. Al Anfaal","Quran-surat","https://d39et5l23mq79j.cloudfront.net/al-anfal.mp3","https://d39et5l23mq79j.cloudfront.net/al-anfaal.pdf",NULL,"QURAN","{""pdfSize"": 1275, ""audioSize"": 4306, ""audioLength"": 1468108, ""pdfPageCount"": 0}","2024-09-01 18:56:24.094473","2024-09-01 18:56:24.094473","{}","{}"
135,"9. At Tauba","Quran-surat","https://d39et5l23mq79j.cloudfront.net/at-tawbah.mp3","https://d39et5l23mq79j.cloudfront.net/at-tauba.pdf",NULL,"QURAN","{""pdfSize"": 2608, ""audioSize"": 8838, ""audioLength"": 3015027, ""pdfPageCount"": 0}","2024-09-01 18:56:24.094473","2024-09-01 18:56:24.094473","{}","{}"
136,"10. Yunus","Quran-surat","https://d39et5l23mq79j.cloudfront.net/yunus.mp3","https://d39et5l23mq79j.cloudfront.net/yunus.pdf",NULL,"QURAN","{""pdfSize"": 1744, ""audioSize"": 5638, ""audioLength"": 1922847, ""pdfPageCount"": 0}","2024-09-01 18:56:24.094473","2024-09-01 18:56:24.094473","{}","{}"
137,"11. Hood","Quran-surat","https://d39et5l23mq79j.cloudfront.net/hud.mp3","https://d39et5l23mq79j.cloudfront.net/hood.pdf",NULL,"QURAN","{""pdfSize"": 1825, ""audioSize"": 6009, ""audioLength"": 2049411, ""pdfPageCount"": 0}","2024-09-01 18:56:24.094473","2024-09-01 18:56:24.094473","{}","{}"
138,"12. Yusuf","Quran-surat","https://d39et5l23mq79j.cloudfront.net/yusuf.mp3","https://d39et5l23mq79j.cloudfront.net/yusuf.pdf",NULL,"QURAN","{""pdfSize"": 1718, ""audioSize"": 5363, ""audioLength"": 1829068, ""pdfPageCount"": 0}","2024-09-01 18:56:24.094473","2024-09-01 18:56:24.094473","{}","{}"
139,"13. Ar Raad","Quran-surat","https://d39et5l23mq79j.cloudfront.net/ar-rad.mp3","https://d39et5l23mq79j.cloudfront.net/ar-raad.pdf",NULL,"QURAN","{""pdfSize"": 820, ""audioSize"": 2712, ""audioLength"": 924056, ""pdfPageCount"": 0}","2024-09-01 18:56:24.094473","2024-09-01 18:56:24.094473","{}","{}"
140,"14. Ibrahim","Quran-surat","https://d39et5l23mq79j.cloudfront.net/ibrahim.mp3","https://d39et5l23mq79j.cloudfront.net/ibrahim.pdf",NULL,"QURAN","{""pdfSize"": 870, ""audioSize"": 2641, ""audioLength"": 899997, ""pdfPageCount"": 0}","2024-09-01 18:56:24.094473","2024-09-01 18:56:24.094473","{}","{}"
141,"15. Al Hijr","Quran-surat","https://d39et5l23mq79j.cloudfront.net/al-hijr.mp3","https://d39et5l23mq79j.cloudfront.net/al-hijr.pdf",NULL,"QURAN","{""pdfSize"": 734, ""audioSize"": 1938, ""audioLength"": 659984, ""pdfPageCount"": 0}","2024-09-01 18:56:24.094473","2024-09-01 18:56:24.094473","{}","{}"
142,"16. An Nahl","Quran-surat","https://d39et5l23mq79j.cloudfront.net/an-nahl.mp3","https://d39et5l23mq79j.cloudfront.net/an-nahl.pdf",NULL,"QURAN","{""pdfSize"": 1862, ""audioSize"": 5415, ""audioLength"": 1846909, ""pdfPageCount"": 0}","2024-09-01 18:56:24.094473","2024-09-01 18:56:24.094473","{}","{}"
143,"17. Al Israa","Quran-surat","https://d39et5l23mq79j.cloudfront.net/al-isra.mp3","https://d39et5l23mq79j.cloudfront.net/al-israa.pdf",NULL,"QURAN","{""pdfSize"": 1516, ""audioSize"": 4461, ""audioLength"": 1521058, ""pdfPageCount"": 0}","2024-09-01 18:56:24.094473","2024-09-01 18:56:24.094473","{}","{}"
144,"18. Al Kahf","Quran-surat","https://d39et5l23mq79j.cloudfront.net/al-kahf.mp3","https://d39et5l23mq79j.cloudfront.net/al-kahf.pdf",NULL,"QURAN","{""pdfSize"": 1476, ""audioSize"": 4579, ""audioLength"": 1561287, ""pdfPageCount"": 0}","2024-09-01 18:56:24.094473","2024-09-01 18:56:24.094473","{}","{}"
145,"19. Maryam","Quran-surat","https://d39et5l23mq79j.cloudfront.net/maryam.mp3","https://d39et5l23mq79j.cloudfront.net/maryam.pdf",NULL,"QURAN","{""pdfSize"": 935, ""audioSize"": 2949, ""audioLength"": 1004904, ""pdfPageCount"": 0}","2024-09-01 18:56:24.094473","2024-09-01 18:56:24.094473","{}","{}"
146,"20. Taha","Quran-surat","https://d39et5l23mq79j.cloudfront.net/taha.mp3","https://d39et5l23mq79j.cloudfront.net/taha.pdf",NULL,"QURAN","{""pdfSize"": 8, ""audioSize"": 3725, ""audioLength"": 1269838, ""pdfPageCount"": 0}","2024-09-01 18:56:24.094473","2024-09-01 18:56:24.094473","{}","{}"
147,"21. Al Anbiyaa","Quran-surat","https://d39et5l23mq79j.cloudfront.net/al-anbiya.mp3","https://d39et5l23mq79j.cloudfront.net/al-anbiyaa.pdf",NULL,"QURAN","{""pdfSize"": 1283, ""audioSize"": 3646, ""audioLength"": 1243037, ""pdfPageCount"": 0}","2024-09-01 18:56:24.094473","2024-09-01 18:56:24.094473","{}","{}"
148,"22. Al Hajj","Quran-surat","https://d39et5l23mq79j.cloudfront.net/al-hajj.mp3","https://d39et5l23mq79j.cloudfront.net/al-hajj.pdf",NULL,"QURAN","{""pdfSize"": 8, ""audioSize"": 3886, ""audioLength"": 1325009, ""pdfPageCount"": 0}","2024-09-01 18:56:24.094473","2024-09-01 18:56:24.094473","{}","{}"
149,"23. Al Muminun","Quran-surat","https://d39et5l23mq79j.cloudfront.net/al-muminun.mp3","https://d39et5l23mq79j.cloudfront.net/al-muminun.pdf",NULL,"QURAN","{""pdfSize"": 1105, ""audioSize"": 3484, ""audioLength"": 1187605, ""pdfPageCount"": 0}","2024-09-01 18:56:24.094473","2024-09-01 18:56:24.094473","{}","{}"
150,"24. An Noor","Quran-surat","https://d39et5l23mq79j.cloudfront.net/an-nur.mp3","https://d39et5l23mq79j.cloudfront.net/an-noor.pdf",NULL,"QURAN","{""pdfSize"": 1880, ""audioSize"": 4186, ""audioLength"": 1427357, ""pdfPageCount"": 0}","2024-09-01 18:56:24.094473","2024-09-01 18:56:24.094473","{}","{}"
151,"25. Al Furqan","Quran-surat","https://d39et5l23mq79j.cloudfront.net/al-furqan.mp3","https://d39et5l23mq79j.cloudfront.net/al-furqan.pdf",NULL,"QURAN","{""pdfSize"": 942, ""audioSize"": 2586, ""audioLength"": 881189, ""pdfPageCount"": 0}","2024-09-01 18:56:24.094473","2024-09-01 18:56:24.094473","{}","{}"
152,"26. Ash Shoaraa","Quran-surat","https://d39et5l23mq79j.cloudfront.net/ash-shuara.mp3","https://d39et5l23mq79j.cloudfront.net/ash-shoaraa.pdf",NULL,"QURAN","{""pdfSize"": 1377, ""audioSize"": 4180, ""audioLength"": 1425189, ""pdfPageCount"": 0}","2024-09-01 18:56:24.094473","2024-09-01 18:56:24.094473","{}","{}"
153,"27. An Naml","Quran-surat","https://d39et5l23mq79j.cloudfront.net/an-naml.mp3","https://d39et5l23mq79j.cloudfront.net/an-naml.pdf",NULL,"QURAN","{""pdfSize"": 1127, ""audioSize"": 3960, ""audioLength"": 1350087, ""pdfPageCount"": 0}","2024-09-01 18:56:24.094473","2024-09-01 18:56:24.094473","{}","{}"
154,"28. Al Qasas","Quran-surat","https://d39et5l23mq79j.cloudfront.net/al-qasas.mp3","https://d39et5l23mq79j.cloudfront.net/al-qasas.pdf",NULL,"QURAN","{""pdfSize"": 1389, ""audioSize"": 4557, ""audioLength"": 1553763, ""pdfPageCount"": 0}","2024-09-01 18:56:24.094473","2024-09-01 18:56:24.094473","{}","{}"
155,"29. Al Ankaboot","Quran-surat","https://d39et5l23mq79j.cloudfront.net/al-ankabut.mp3","https://d39et5l23mq79j.cloudfront.net/al-ankaboot.pdf",NULL,"QURAN","{""pdfSize"": 1017, ""audioSize"": 2866, ""audioLength"": 976823, ""pdfPageCount"": 0}","2024-09-01 18:56:24.094473","2024-09-01 18:56:24.094473","{}","{}"
156,"30. Ar Room","Quran-surat","https://d39et5l23mq79j.cloudfront.net/ar-rum.mp3","https://d39et5l23mq79j.cloudfront.net/ar-room.pdf",NULL,"QURAN","{""pdfSize"": 826, ""audioSize"": 2445, ""audioLength"": 832940, ""pdfPageCount"": 0}","2024-09-01 18:56:24.094473","2024-09-01 18:56:24.094473","{}","{}"
157,"31. Luqman","Quran-surat","https://d39et5l23mq79j.cloudfront.net/luqman.mp3","https://d39et5l23mq79j.cloudfront.net/luqman.pdf",NULL,"QURAN","{""pdfSize"": 520, ""audioSize"": 1507, ""audioLength"": 512784, ""pdfPageCount"": 0}","2024-09-01 18:56:24.094473","2024-09-01 18:56:24.094473","{}","{}"
158,"32. As Sajda","Quran-surat","https://d39et5l23mq79j.cloudfront.net/as-sajdah.mp3","https://d39et5l23mq79j.cloudfront.net/as-sajda.pdf",NULL,"QURAN","{""pdfSize"": 397, ""audioSize"": 1096, ""audioLength"": 372428, ""pdfPageCount"": 0}","2024-09-01 18:56:24.094473","2024-09-01 18:56:24.094473","{}","{}"
159,"33. Al Ahzab","Quran-surat","https://d39et5l23mq79j.cloudfront.net/al-ahzab.mp3","https://d39et5l23mq79j.cloudfront.net/al-ahzab.pdf",NULL,"QURAN","{""pdfSize"": 1332, ""audioSize"": 3918, ""audioLength"": 1335771, ""pdfPageCount"": 0}","2024-09-01 18:56:24.094473","2024-09-01 18:56:24.094473","{}","{}"
160,"34. Saba","Quran-surat","https://d39et5l23mq79j.cloudfront.net/saba.mp3","https://d39et5l23mq79j.cloudfront.net/saba.pdf",NULL,"QURAN","{""pdfSize"": 859, ""audioSize"": 2412, ""audioLength"": 821786, ""pdfPageCount"": 0}","2024-09-01 18:56:24.094473","2024-09-01 18:56:24.094473","{}","{}"
161,"35. Faatir","Quran-surat","https://d39et5l23mq79j.cloudfront.net/fatir.mp3","https://d39et5l23mq79j.cloudfront.net/faatir.pdf",NULL,"QURAN","{""pdfSize"": 765, ""audioSize"": 2243, ""audioLength"": 764003, ""pdfPageCount"": 0}","2024-09-01 18:56:24.094473","2024-09-01 18:56:24.094473","{}","{}"
162,"36. Ya Seen","Quran-surat","https://d39et5l23mq79j.cloudfront.net/yasin.mp3","https://d39et5l23mq79j.cloudfront.net/ya-seen.pdf",NULL,"QURAN","{""pdfSize"": 832, ""audioSize"": 2157, ""audioLength"": 734537, ""pdfPageCount"": 0}","2024-09-01 18:56:24.094473","2024-09-01 18:56:24.094473","{}","{}"
163,"37. As Saffaat","Quran-surat","https://d39et5l23mq79j.cloudfront.net/assaffat.mp3","https://d39et5l23mq79j.cloudfront.net/as-saffaat.pdf",NULL,"QURAN","{""pdfSize"": 954, ""audioSize"": 2789, ""audioLength"": 950282, ""pdfPageCount"": 0}","2024-09-01 18:56:24.094473","2024-09-01 18:56:24.094473","{}","{}"
164,"38. Al Saad","Quran-surat","https://d39et5l23mq79j.cloudfront.net/sad.mp3","https://d39et5l23mq79j.cloudfront.net/al-saad.pdf",NULL,"QURAN","{""pdfSize"": 719, ""audioSize"": 2075, ""audioLength"": 706847, ""pdfPageCount"": 0}","2024-09-01 18:56:24.094473","2024-09-01 18:56:24.094473","{}","{}"
165,"39. Az Zumar","Quran-surat","https://d39et5l23mq79j.cloudfront.net/az-zumar.mp3","https://d39et5l23mq79j.cloudfront.net/az-zumar.pdf",NULL,"QURAN","{""pdfSize"": 1159, ""audioSize"": 3297, ""audioLength"": 1123788, ""pdfPageCount"": 0}","2024-09-01 18:56:24.094473","2024-09-01 18:56:24.094473","{}","{}"
166,"40. Al Mumin","Quran-surat","https://d39et5l23mq79j.cloudfront.net/ghafir.mp3","https://d39et5l23mq79j.cloudfront.net/al-mumin.pdf",NULL,"QURAN","{""pdfSize"": 1256, ""audioSize"": 3420, ""audioLength"": 1165740, ""pdfPageCount"": 0}","2024-09-01 18:56:24.094473","2024-09-01 18:56:24.094473","{}","{}"
167,"41. Ha Meem","Quran-surat","https://d39et5l23mq79j.cloudfront.net/fussilat.mp3","https://d39et5l23mq79j.cloudfront.net/ha-meem.pdf",NULL,"QURAN","{""pdfSize"": 791, ""audioSize"": 2395, ""audioLength"": 815856, ""pdfPageCount"": 0}","2024-09-01 18:56:24.094473","2024-09-01 18:56:24.094473","{}","{}"
168,"42. Ash Shura","Quran-surat","https://d39et5l23mq79j.cloudfront.net/ash-shura.mp3","https://d39et5l23mq79j.cloudfront.net/ash-shura.pdf",NULL,"QURAN","{""pdfSize"": 827, ""audioSize"": 2515, ""audioLength"": 856895, ""pdfPageCount"": 0}","2024-09-01 18:56:24.094473","2024-09-01 18:56:24.094473","{}","{}"
169,"43. Az Zukhruf","Quran-surat","https://d39et5l23mq79j.cloudfront.net/az-zukhruf.mp3","https://d39et5l23mq79j.cloudfront.net/az-zukhruf.pdf",NULL,"QURAN","{""pdfSize"": 891, ""audioSize"": 2607, ""audioLength"": 888163, ""pdfPageCount"": 0}","2024-09-01 18:56:24.094473","2024-09-01 18:56:24.094473","{}","{}"
170,"44. Ad Dukhaan","Quran-surat","https://d39et5l23mq79j.cloudfront.net/ad-dukhan.mp3","https://d39et5l23mq79j.cloudfront.net/ad-dukhaan.pdf",NULL,"QURAN","{""pdfSize"": 610, ""audioSize"": 1137, ""audioLength"": 386664, ""pdfPageCount"": 0}","2024-09-01 18:56:24.094473","2024-09-01 18:56:24.094473","{}","{}"
171,"45. Al Jasiyah","Quran-surat","https://d39et5l23mq79j.cloudfront.net/al-jathiyah.mp3","https://d39et5l23mq79j.cloudfront.net/al-jasiyah.pdf",NULL,"QURAN","{""pdfSize"": 470, ""audioSize"": 1467, ""audioLength"": 499069, ""pdfPageCount"": 0}","2024-09-01 18:56:24.094473","2024-09-01 18:56:24.094473","{}","{}"
172,"46. Al Ahqaaf","Quran-surat","https://d39et5l23mq79j.cloudfront.net/al-ahqaf.mp3","https://d39et5l23mq79j.cloudfront.net/al-ahqaaf.pdf",NULL,"QURAN","{""pdfSize"": 606, ""audioSize"": 1841, ""audioLength"": 626991, ""pdfPageCount"": 0}","2024-09-01 18:56:24.094473","2024-09-01 18:56:24.094473","{}","{}"
173,"50. Qaaf","Quran-surat","https://d39et5l23mq79j.cloudfront.net/qaf.mp3","https://d39et5l23mq79j.cloudfront.net/qaaf.pdf",NULL,"QURAN","{""pdfSize"": 571, ""audioSize"": 1303, ""audioLength"": 443063, ""pdfPageCount"": 0}","2024-09-01 18:56:24.094473","2024-09-01 18:56:24.094473","{}","{}"
174,"51. Az Zariyaat","Quran-surat","https://d39et5l23mq79j.cloudfront.net/adhdhariyat.mp3","https://d39et5l23mq79j.cloudfront.net/az-zariyaat.pdf",NULL,"QURAN","{""pdfSize"": 595, ""audioSize"": 1294, ""audioLength"": 440085, ""pdfPageCount"": 0}","2024-09-01 18:56:24.094473","2024-09-01 18:56:24.094473","{}","{}"
175,"49. Al Hojoraat","Quran-surat","https://d39et5l23mq79j.cloudfront.net/al-hujurat.mp3","https://d39et5l23mq79j.cloudfront.net/al-hojoraat.pdf",NULL,"QURAN","{""pdfSize"": 546, ""audioSize"": 1323, ""audioLength"": 449985, ""pdfPageCount"": 0}","2024-09-01 18:56:24.094473","2024-09-01 18:56:24.094473","{}","{}"
176,"47. Muhammad","Quran-surat","https://d39et5l23mq79j.cloudfront.net/muhammad.mp3","https://d39et5l23mq79j.cloudfront.net/muhammad.pdf",NULL,"QURAN","{""pdfSize"": 558, ""audioSize"": 1765, ""audioLength"": 600842, ""pdfPageCount"": 0}","2024-09-01 18:56:24.094473","2024-09-01 18:56:24.094473","{}","{}"
177,"54. Al Qamar","Quran-surat","https://d39et5l23mq79j.cloudfront.net/al-qamar.mp3","https://d39et5l23mq79j.cloudfront.net/al-qamar.pdf",NULL,"QURAN","{""pdfSize"": 588, ""audioSize"": 1140, ""audioLength"": 387605, ""pdfPageCount"": 0}","2024-09-01 18:56:24.094473","2024-09-01 18:56:24.094473","{}","{}"
178,"56. Al Waqia","Quran-surat","https://d39et5l23mq79j.cloudfront.net/al-waqiah.mp3","https://d39et5l23mq79j.cloudfront.net/al-waqia.pdf",NULL,"QURAN","{""pdfSize"": 697, ""audioSize"": 1382, ""audioLength"": 470073, ""pdfPageCount"": 0}","2024-09-01 18:56:24.094473","2024-09-01 18:56:24.094473","{}","{}"
179,"55. Ar Rahman","Quran-surat","https://d39et5l23mq79j.cloudfront.net/ar-rahman.mp3","https://d39et5l23mq79j.cloudfront.net/ar-rahman.pdf",NULL,"QURAN","{""pdfSize"": 674, ""audioSize"": 1464, ""audioLength"": 498155, ""pdfPageCount"": 0}","2024-09-01 18:56:24.094473","2024-09-01 18:56:24.094473","{}","{}"
180,"61. As Saff","Quran-surat","https://d39et5l23mq79j.cloudfront.net/assaff.mp3","https://d39et5l23mq79j.cloudfront.net/as-saff.pdf",NULL,"QURAN","{""pdfSize"": 350, ""audioSize"": 741, ""audioLength"": 251193, ""pdfPageCount"": 0}","2024-09-01 18:56:24.094473","2024-09-01 18:56:24.094473","{}","{}"
181,"59. Al Hashr","Quran-surat","https://d39et5l23mq79j.cloudfront.net/alhashr.mp3","https://d39et5l23mq79j.cloudfront.net/al-hashr.pdf",NULL,"QURAN","{""pdfSize"": 709, ""audioSize"": 1487, ""audioLength"": 505992, ""pdfPageCount"": 0}","2024-09-01 18:56:24.094473","2024-09-01 18:56:24.094473","{}","{}"
182,"60. Al Mumtahana","Quran-surat","https://d39et5l23mq79j.cloudfront.net/al-mumtahanah.mp3","https://d39et5l23mq79j.cloudfront.net/al-mumtahana.pdf",NULL,"QURAN","{""pdfSize"": 527, ""audioSize"": 1195, ""audioLength"": 406361, ""pdfPageCount"": 0}","2024-09-01 18:56:24.094473","2024-09-01 18:56:24.094473","{}","{}"
183,"66. At Tahreem","Quran-surat","https://d39et5l23mq79j.cloudfront.net/at-tahrim.mp3","https://d39et5l23mq79j.cloudfront.net/at-tahreem.pdf",NULL,"QURAN","{""pdfSize"": 402, ""audioSize"": 922, ""audioLength"": 313234, ""pdfPageCount"": 0}","2024-09-01 18:56:24.094473","2024-09-01 18:56:24.094473","{}","{}"
184,"64. At Tagabun","Quran-surat","https://d39et5l23mq79j.cloudfront.net/at-taghabun.mp3","https://d39et5l23mq79j.cloudfront.net/at-tagabun.pdf",NULL,"QURAN","{""pdfSize"": 422, ""audioSize"": 844, ""audioLength"": 286380, ""pdfPageCount"": 0}","2024-09-01 18:56:24.094473","2024-09-01 18:56:24.094473","{}","{}"
185,"65. At Talaq","Quran-surat","https://d39et5l23mq79j.cloudfront.net/attalaq.mp3","https://d39et5l23mq79j.cloudfront.net/at-talaq.pdf",NULL,"QURAN","{""pdfSize"": 443, ""audioSize"": 993, ""audioLength"": 337424, ""pdfPageCount"": 0}","2024-09-01 18:56:24.094473","2024-09-01 18:56:24.094473","{}","{}"
186,"69. Al Haqqa","Quran-surat","https://d39et5l23mq79j.cloudfront.net/alhaqqah.mp3","https://d39et5l23mq79j.cloudfront.net/al-haqqa.pdf",NULL,"QURAN","{""pdfSize"": 430, ""audioSize"": 1003, ""audioLength"": 340898, ""pdfPageCount"": 0}","2024-09-01 18:56:24.094473","2024-09-01 18:56:24.094473","{}","{}"
187,"71. An Nooh","Quran-surat","https://d39et5l23mq79j.cloudfront.net/nuh.mp3","https://d39et5l23mq79j.cloudfront.net/an-nooh.pdf",NULL,"QURAN","{""pdfSize"": 366, ""audioSize"": 844, ""audioLength"": 286459, ""pdfPageCount"": 0}","2024-09-01 18:56:24.094473","2024-09-01 18:56:24.094473","{}","{}"
188,"70. Al Maarij","Quran-surat","https://d39et5l23mq79j.cloudfront.net/al-maarij.mp3","https://d39et5l23mq79j.cloudfront.net/al-maarij.pdf",NULL,"QURAN","{""pdfSize"": 377, ""audioSize"": 850, ""audioLength"": 288679, ""pdfPageCount"": 0}","2024-09-01 18:56:24.094473","2024-09-01 18:56:24.094473","{}","{}"
189,"74. Al Muddassir","Quran-surat","https://d39et5l23mq79j.cloudfront.net/al-muddaththir.mp3","https://d39et5l23mq79j.cloudfront.net/al-muddassir.pdf",NULL,"QURAN","{""pdfSize"": 401, ""audioSize"": 956, ""audioLength"": 324833, ""pdfPageCount"": 0}","2024-09-01 18:56:24.094473","2024-09-01 18:56:24.094473","{}","{}"
190,"76. Ad Dahar","Quran-surat","https://d39et5l23mq79j.cloudfront.net/al-insan.mp3","https://d39et5l23mq79j.cloudfront.net/ad-dahar.pdf",NULL,"QURAN","{""pdfSize"": 397, ""audioSize"": 962, ""audioLength"": 326687, ""pdfPageCount"": 0}","2024-09-01 18:56:24.094473","2024-09-01 18:56:24.094473","{}","{}"
191,"75. Al Qiyamat","Quran-surat","https://d39et5l23mq79j.cloudfront.net/al-qiyamah.mp3","https://d39et5l23mq79j.cloudfront.net/al-qiyamat.pdf",NULL,"QURAN","{""pdfSize"": 273, ""audioSize"": 578, ""audioLength"": 195866, ""pdfPageCount"": 0}","2024-09-01 18:56:24.094473","2024-09-01 18:56:24.094473","{}","{}"
192,"79. An Naziyaat","Quran-surat","https://d39et5l23mq79j.cloudfront.net/an-naziat.mp3","https://d39et5l23mq79j.cloudfront.net/an-naziyaat.pdf",NULL,"QURAN","{""pdfSize"": 317, ""audioSize"": 651, ""audioLength"": 220473, ""pdfPageCount"": 0}","2024-09-01 18:56:24.094473","2024-09-01 18:56:24.094473","{}","{}"
193,"81. At Takweer","Quran-surat","https://d39et5l23mq79j.cloudfront.net/at-takwir.mp3","https://d39et5l23mq79j.cloudfront.net/at-takweer.pdf",NULL,"QURAN","{""pdfSize"": 197, ""audioSize"": 380, ""audioLength"": 128235, ""pdfPageCount"": 0}","2024-09-01 18:56:24.094473","2024-09-01 18:56:24.094473","{}","{}"
194,"80. Abasa","Quran-surat","https://d39et5l23mq79j.cloudfront.net/abasa.mp3","https://d39et5l23mq79j.cloudfront.net/abasa.pdf",NULL,"QURAN","{""pdfSize"": 234, ""audioSize"": 535, ""audioLength"": 180924, ""pdfPageCount"": 0}","2024-09-01 18:56:24.094473","2024-09-01 18:56:24.094473","{}","{}"
195,"52. At Toor","Quran-surat","https://d39et5l23mq79j.cloudfront.net/attur.mp3","https://d39et5l23mq79j.cloudfront.net/at-toor.pdf",NULL,"QURAN","{""pdfSize"": 524, ""audioSize"": 1073, ""audioLength"": 364565, ""pdfPageCount"": 0}","2024-09-01 18:56:24.094473","2024-09-01 18:56:24.094473","{}","{}"
196,"84. Al Inshiqaq","Quran-surat","https://d39et5l23mq79j.cloudfront.net/al-inshiqaq.mp3","https://d39et5l23mq79j.cloudfront.net/al-inshiqaq.pdf",NULL,"QURAN","{""pdfSize"": 202, ""audioSize"": 370, ""audioLength"": 124735, ""pdfPageCount"": 0}","2024-09-01 18:56:24.094473","2024-09-01 18:56:24.094473","{}","{}"
197,"86. At Tariq","Quran-surat","https://d39et5l23mq79j.cloudfront.net/attariq.mp3","https://d39et5l23mq79j.cloudfront.net/at-tariq.pdf",NULL,"QURAN","{""pdfSize"": 122, ""audioSize"": 251, ""audioLength"": 84193, ""pdfPageCount"": 0}","2024-09-01 18:56:24.094473","2024-09-01 18:56:24.094473","{}","{}"
198,"85. Al Buruj","Quran-surat","https://d39et5l23mq79j.cloudfront.net/al-buruj.mp3","https://d39et5l23mq79j.cloudfront.net/al-buruj.pdf",NULL,"QURAN","{""pdfSize"": 201, ""audioSize"": 389, ""audioLength"": 131135, ""pdfPageCount"": 0}","2024-09-01 18:56:24.094473","2024-09-01 18:56:24.094473","{}","{}"
199,"57. Al Hadeed","Quran-surat","https://d39et5l23mq79j.cloudfront.net/alhadid.mp3","https://d39et5l23mq79j.cloudfront.net/al-hadeed.pdf",NULL,"QURAN","{""pdfSize"": 569, ""audioSize"": 1756, ""audioLength"": 597943, ""pdfPageCount"": 0}","2024-09-01 18:56:24.094473","2024-09-01 18:56:24.094473","{}","{}"
200,"91. Ash Shams","Quran-surat","https://d39et5l23mq79j.cloudfront.net/ash-shams.mp3","https://d39et5l23mq79j.cloudfront.net/ash-shams.pdf",NULL,"QURAN","{""pdfSize"": 130, ""audioSize"": 221, ""audioLength"": 73822, ""pdfPageCount"": 0}","2024-09-01 18:56:24.094473","2024-09-01 18:56:24.094473","{}","{}"
201,"90. Al Balad","Quran-surat","https://d39et5l23mq79j.cloudfront.net/al-balad.mp3","https://d39et5l23mq79j.cloudfront.net/al-balad.pdf",NULL,"QURAN","{""pdfSize"": 157, ""audioSize"": 277, ""audioLength"": 93022, ""pdfPageCount"": 0}","2024-09-01 18:56:24.094473","2024-09-01 18:56:24.094473","{}","{}"
202,"89. Al Fajr","Quran-surat","https://d39et5l23mq79j.cloudfront.net/al-fajr.mp3","https://d39et5l23mq79j.cloudfront.net/al-fajr.pdf",NULL,"QURAN","{""pdfSize"": 254, ""audioSize"": 499, ""audioLength"": 168673, ""pdfPageCount"": 0}","2024-09-01 18:56:24.094473","2024-09-01 18:56:24.094473","{}","{}"
203,"62. Al Jomoa","Quran-surat","https://d39et5l23mq79j.cloudfront.net/al-jumuah.mp3","https://d39et5l23mq79j.cloudfront.net/al-jomoa.pdf",NULL,"QURAN","{""pdfSize"": 295, ""audioSize"": 603, ""audioLength"": 204173, ""pdfPageCount"": 0}","2024-09-01 18:56:24.094473","2024-09-01 18:56:24.094473","{}","{}"
204,"96. Al Alaq","Quran-surat","https://d39et5l23mq79j.cloudfront.net/al-alaq.mp3","https://d39et5l23mq79j.cloudfront.net/al-alaq.pdf",NULL,"QURAN","{""pdfSize"": 136, ""audioSize"": 257, ""audioLength"": 86178, ""pdfPageCount"": 0}","2024-09-01 18:56:24.094473","2024-09-01 18:56:24.094473","{}","{}"
205,"95. At Teen","Quran-surat","https://d39et5l23mq79j.cloudfront.net/at-tin.mp3","https://d39et5l23mq79j.cloudfront.net/at-teen.pdf",NULL,"QURAN","{""pdfSize"": 87, ""audioSize"": 753, ""audioLength"": 47882, ""pdfPageCount"": 0}","2024-09-01 18:56:24.094473","2024-09-01 18:56:24.094473","{}","{}"
206,"94. Al Sharh","Quran-surat","https://d39et5l23mq79j.cloudfront.net/ash-sharh.mp3","https://d39et5l23mq79j.cloudfront.net/al-sharh.pdf",NULL,"QURAN","{""pdfSize"": 74, ""audioSize"": 557, ""audioLength"": 35370, ""pdfPageCount"": 0}","2024-09-01 18:56:24.094473","2024-09-01 18:56:24.094473","{}","{}"
207,"67. Al Mulk","Quran-surat","https://d39et5l23mq79j.cloudfront.net/al-mulk.mp3","https://d39et5l23mq79j.cloudfront.net/al-mulk.pdf",NULL,"QURAN","{""pdfSize"": 498, ""audioSize"": 1088, ""audioLength"": 369737, ""pdfPageCount"": 0}","2024-09-01 18:56:24.094473","2024-09-01 18:56:24.094473","{}","{}"
208,"100. Al Adiyat","Quran-surat","https://d39et5l23mq79j.cloudfront.net/al-adiyat.mp3","https://d39et5l23mq79j.cloudfront.net/al-adiyat.pdf",NULL,"QURAN","{""pdfSize"": 98, ""audioSize"": 826, ""audioLength"": 52532, ""pdfPageCount"": 0}","2024-09-01 18:56:24.094473","2024-09-01 18:56:24.094473","{}","{}"
209,"101. Al Qarea","Quran-surat","https://d39et5l23mq79j.cloudfront.net/al-qariah.mp3","https://d39et5l23mq79j.cloudfront.net/al-qarea.pdf",NULL,"QURAN","{""pdfSize"": 103, ""audioSize"": 751, ""audioLength"": 47778, ""pdfPageCount"": 0}","2024-09-01 18:56:24.094473","2024-09-01 18:56:24.094473","{}","{}"
210,"99. Al Zalzalah","Quran-surat","https://d39et5l23mq79j.cloudfront.net/az-zalzalah.mp3","https://d39et5l23mq79j.cloudfront.net/al-zalzalah.pdf",NULL,"QURAN","{""pdfSize"": 94, ""audioSize"": 758, ""audioLength"": 48196, ""pdfPageCount"": 0}","2024-09-01 18:56:24.094473","2024-09-01 18:56:24.094473","{}","{}"
211,"72. Al Jinn","Quran-surat","https://d39et5l23mq79j.cloudfront.net/al-jinn.mp3","https://d39et5l23mq79j.cloudfront.net/al-jinn.pdf",NULL,"QURAN","{""pdfSize"": 425, ""audioSize"": 948, ""audioLength"": 322116, ""pdfPageCount"": 0}","2024-09-01 18:56:24.094473","2024-09-01 18:56:24.094473","{}","{}"
212,"106. Quraish","Quran-surat","https://d39et5l23mq79j.cloudfront.net/quraysh.mp3","https://d39et5l23mq79j.cloudfront.net/quraish.pdf",NULL,"QURAN","{""pdfSize"": 63, ""audioSize"": 472, ""audioLength"": 29884, ""pdfPageCount"": 0}","2024-09-01 18:56:24.094473","2024-09-01 18:56:24.094473","{}","{}"
213,"104. Al Homaza","Quran-surat","https://d39et5l23mq79j.cloudfront.net/al-humazah.mp3","https://d39et5l23mq79j.cloudfront.net/al-homaza.pdf",NULL,"QURAN","{""pdfSize"": 86, ""audioSize"": 662, ""audioLength"": 42083, ""pdfPageCount"": 0}","2024-09-01 18:56:24.094473","2024-09-01 18:56:24.094473","{}","{}"
214,"105. Al Feel","Quran-surat","https://d39et5l23mq79j.cloudfront.net/al-fil.mp3","https://d39et5l23mq79j.cloudfront.net/al-feel.pdf",NULL,"QURAN","{""pdfSize"": 71, ""audioSize"": 528, ""audioLength"": 33463, ""pdfPageCount"": 0}","2024-09-01 18:56:24.094473","2024-09-01 18:56:24.094473","{}","{}"
215,"77. Al Mursalat","Quran-surat","https://d39et5l23mq79j.cloudfront.net/al-mursalat.mp3","https://d39et5l23mq79j.cloudfront.net/al-mursalat.pdf",NULL,"QURAN","{""pdfSize"": 347, ""audioSize"": 776, ""audioLength"": 263367, ""pdfPageCount"": 0}","2024-09-01 18:56:24.094473","2024-09-01 18:56:24.094473","{}","{}"
216,"109. Al Kaferoon","Quran-surat","https://d39et5l23mq79j.cloudfront.net/al-kafirun.mp3","https://d39et5l23mq79j.cloudfront.net/al-kaferoon.pdf",NULL,"QURAN","{""pdfSize"": 72, ""audioSize"": 495, ""audioLength"": 31399, ""pdfPageCount"": 0}","2024-09-01 18:56:24.094473","2024-09-01 18:56:24.094473","{}","{}"
217,"110. An Nasr","Quran-surat","https://d39et5l23mq79j.cloudfront.net/an-nasr.mp3","https://d39et5l23mq79j.cloudfront.net/an-nasr.pdf",NULL,"QURAN","{""pdfSize"": 65, ""audioSize"": 429, ""audioLength"": 27141, ""pdfPageCount"": 0}","2024-09-01 18:56:24.094473","2024-09-01 18:56:24.094473","{}","{}"
218,"82. Al Infitar","Quran-surat","https://d39et5l23mq79j.cloudfront.net/al-infitar.mp3","https://d39et5l23mq79j.cloudfront.net/al-infitar.pdf",NULL,"QURAN","{""pdfSize"": 158, ""audioSize"": 295, ""audioLength"": 99161, ""pdfPageCount"": 0}","2024-09-01 18:56:24.094473","2024-09-01 18:56:24.094473","{}","{}"
219,"111. Al Masad/Lahab","Quran-surat","https://d39et5l23mq79j.cloudfront.net/al-masad.mp3","https://d39et5l23mq79j.cloudfront.net/al-lahab.pdf",NULL,"QURAN","{""pdfSize"": 66, ""audioSize"": 459, ""audioLength"": 29074, ""pdfPageCount"": 0}","2024-09-01 18:56:24.094473","2024-09-01 18:56:24.094473","{}","{}"
220,"114. Al Nas","Quran-surat","https://d39et5l23mq79j.cloudfront.net/an-nas.mp3","https://d39et5l23mq79j.cloudfront.net/al-nas.pdf",NULL,"QURAN","{""pdfSize"": 71, ""audioSize"": 520, ""audioLength"": 32993, ""pdfPageCount"": 0}","2024-09-01 18:56:24.094473","2024-09-01 18:56:24.094473","{}","{}"
221,"87. Al Aala","Quran-surat","https://d39et5l23mq79j.cloudfront.net/al-ala.mp3","https://d39et5l23mq79j.cloudfront.net/al-aala.pdf",NULL,"QURAN","{""pdfSize"": 146, ""audioSize"": 263, ""audioLength"": 88085, ""pdfPageCount"": 0}","2024-09-01 18:56:24.094473","2024-09-01 18:56:24.094473","{}","{}"
222,"92. Al Lail","Quran-surat","https://d39et5l23mq79j.cloudfront.net/al-layl.mp3","https://d39et5l23mq79j.cloudfront.net/al-lail.pdf",NULL,"QURAN","{""pdfSize"": 152, ""audioSize"": 281, ""audioLength"": 94433, ""pdfPageCount"": 0}","2024-09-01 18:56:24.094473","2024-09-01 18:56:24.094473","{}","{}"
223,"97. Al Qadr","Quran-surat","https://d39et5l23mq79j.cloudfront.net/al-qadr.mp3","https://d39et5l23mq79j.cloudfront.net/al-qadr.pdf",NULL,"QURAN","{""pdfSize"": 74, ""audioSize"": 575, ""audioLength"": 36493, ""pdfPageCount"": 0}","2024-09-01 18:56:24.094473","2024-09-01 18:56:24.094473","{}","{}"
224,"102. At Takasur","Quran-surat","https://d39et5l23mq79j.cloudfront.net/at-takathur.mp3","https://d39et5l23mq79j.cloudfront.net/at-takasur.pdf",NULL,"QURAN","{""pdfSize"": 83, ""audioSize"": 675, ""audioLength"": 42919, ""pdfPageCount"": 0}","2024-09-01 18:56:24.094473","2024-09-01 18:56:24.094473","{}","{}"
225,"107. Al-Maoon","Quran-surat","https://d39et5l23mq79j.cloudfront.net/al-maun.mp3","https://d39et5l23mq79j.cloudfront.net/l-maoon.pdf",NULL,"QURAN","{""pdfSize"": 81, ""audioSize"": 610, ""audioLength"": 38713, ""pdfPageCount"": 0}","2024-09-01 18:56:24.094473","2024-09-01 18:56:24.094473","{}","{}"
226,"48. Al Fateh","Quran-surat","https://d39et5l23mq79j.cloudfront.net/al-fath.mp3","https://d39et5l23mq79j.cloudfront.net/al-fateh.pdf",NULL,"QURAN","{""pdfSize"": 567, ""audioSize"": 1866, ""audioLength"": 635220, ""pdfPageCount"": 0}","2024-09-01 18:56:24.094473","2024-09-01 18:56:24.094473","{}","{}"
227,"112. Al Ikhlas","Quran-surat","https://d39et5l23mq79j.cloudfront.net/al-ikhlas.mp3","https://d39et5l23mq79j.cloudfront.net/al-ikhlas.pdf",NULL,"QURAN","{""pdfSize"": 56, ""audioSize"": 274, ""audioLength"": 17215, ""pdfPageCount"": 0}","2024-09-01 18:56:24.094473","2024-09-01 18:56:24.094473","{}","{}"
228,"53. An Najm","Quran-surat","https://d39et5l23mq79j.cloudfront.net/an-najm.mp3","https://d39et5l23mq79j.cloudfront.net/an-najm.pdf",NULL,"QURAN","{""pdfSize"": 566, ""audioSize"": 1086, ""audioLength"": 369189, ""pdfPageCount"": 0}","2024-09-01 18:56:24.094473","2024-09-01 18:56:24.094473","{}","{}"
229,"58. Al Mujadila","Quran-surat","https://d39et5l23mq79j.cloudfront.net/al-mujadilah.mp3","https://d39et5l23mq79j.cloudfront.net/al-mujadila.pdf",NULL,"QURAN","{""pdfSize"": 702, ""audioSize"": 1507, ""audioLength"": 512914, ""pdfPageCount"": 0}","2024-09-01 18:56:24.094473","2024-09-01 18:56:24.094473","{}","{}"
230,"63. Al Munafeqoon","Quran-surat","https://d39et5l23mq79j.cloudfront.net/al-munafiqun.mp3","https://d39et5l23mq79j.cloudfront.net/al-munafeqoon.pdf",NULL,"QURAN","{""pdfSize"": 327, ""audioSize"": 671, ""audioLength"": 227605, ""pdfPageCount"": 0}","2024-09-01 18:56:24.094473","2024-09-01 18:56:24.094473","{}","{}"
231,"68. Al Qalam","Quran-surat","https://d39et5l23mq79j.cloudfront.net/al-qalam.mp3","https://d39et5l23mq79j.cloudfront.net/al-qalam.pdf",NULL,"QURAN","{""pdfSize"": 474, ""audioSize"": 1097, ""audioLength"": 372898, ""pdfPageCount"": 0}","2024-09-01 18:56:24.094473","2024-09-01 18:56:24.094473","{}","{}"
232,"73. Al Muzzammil","Quran-surat","https://d39et5l23mq79j.cloudfront.net/al-muzzammil.mp3","https://d39et5l23mq79j.cloudfront.net/al-muzzammil.pdf",NULL,"QURAN","{""pdfSize"": 317, ""audioSize"": 711, ""audioLength"": 240953, ""pdfPageCount"": 0}","2024-09-01 18:56:24.094473","2024-09-01 18:56:24.094473","{}","{}"
233,"78. An Nabaa","Quran-surat","https://d39et5l23mq79j.cloudfront.net/an-naba.mp3","https://d39et5l23mq79j.cloudfront.net/an-nabaa.pdf",NULL,"QURAN","{""pdfSize"": 307, ""audioSize"": 680, ""audioLength"": 230687, ""pdfPageCount"": 0}","2024-09-01 18:56:24.094473","2024-09-01 18:56:24.094473","{}","{}"
234,"83. Al Mutaffefeen","Quran-surat","https://d39et5l23mq79j.cloudfront.net/al-mutaffifin.mp3","https://d39et5l23mq79j.cloudfront.net/al-mutaffefeen.pdf",NULL,"QURAN","{""pdfSize"": 308, ""audioSize"": 632, ""audioLength"": 214178, ""pdfPageCount"": 0}","2024-09-01 18:56:24.094473","2024-09-01 18:56:24.094473","{}","{}"
235,"88. Al Gashiya","Quran-surat","https://d39et5l23mq79j.cloudfront.net/al-ghashiyah.mp3","https://d39et5l23mq79j.cloudfront.net/al-gashiya.pdf",NULL,"QURAN","{""pdfSize"": 191, ""audioSize"": 345, ""audioLength"": 116219, ""pdfPageCount"": 0}","2024-09-01 18:56:24.094473","2024-09-01 18:56:24.094473","{}","{}"
236,"93. Adh Dhuha","Quran-surat","https://d39et5l23mq79j.cloudfront.net/adduha.mp3","https://d39et5l23mq79j.cloudfront.net/adh-dhuha.pdf",NULL,"QURAN","{""pdfSize"": 101, ""audioSize"": 882, ""audioLength"": 56137, ""pdfPageCount"": 0}","2024-09-01 18:56:24.094473","2024-09-01 18:56:24.094473","{}","{}"
237,"98. Al Baiyena","Quran-surat","https://d39et5l23mq79j.cloudfront.net/al-bayyinah.mp3","https://d39et5l23mq79j.cloudfront.net/al-baiyena.pdf",NULL,"QURAN","{""pdfSize"": 170, ""audioSize"": 322, ""audioLength"": 108487, ""pdfPageCount"": 0}","2024-09-01 18:56:24.094473","2024-09-01 18:56:24.094473","{}","{}"
238,"103. Al Asr","Quran-surat","https://d39et5l23mq79j.cloudfront.net/al-asr.mp3","https://d39et5l23mq79j.cloudfront.net/al-asr.pdf",NULL,"QURAN","{""pdfSize"": 58, ""audioSize"": 347, ""audioLength"": 21891, ""pdfPageCount"": 0}","2024-09-01 18:56:24.094473","2024-09-01 18:56:24.094473","{}","{}"
239,"108. Al Kausar","Quran-surat","https://d39et5l23mq79j.cloudfront.net/al-kawthar.mp3","https://d39et5l23mq79j.cloudfront.net/al-kausar.pdf",NULL,"QURAN","{""pdfSize"": 52, ""audioSize"": 271, ""audioLength"": 17058, ""pdfPageCount"": 0}","2024-09-01 18:56:24.094473","2024-09-01 18:56:24.094473","{}","{}"
240,"113. Al Falaq","Quran-surat","https://d39et5l23mq79j.cloudfront.net/al-falaq.mp3","https://d39et5l23mq79j.cloudfront.net/al-falaq.pdf",NULL,"QURAN","{""pdfSize"": 64, ""audioSize"": 416, ""audioLength"": 26331, ""pdfPageCount"": 0}","2024-09-01 18:56:24.094473","2024-09-01 18:56:24.094473","{}","{}"
241,"1. Al Fateha","Quran-surat","https://d39et5l23mq79j.cloudfront.net/al-fatihah.mp3","https://d39et5l23mq79j.cloudfront.net/al-fateha.pdf",NULL,"QURAN","{""pdfSize"": 71, ""audioSize"": 767, ""audioLength"": 49006, ""pdfPageCount"": 0}","2024-09-01 18:56:24.094473","2024-09-01 18:56:24.094473","{}","{}"
